SalesTerritoryKey;GeographyKey;City;StateProvinceCode;StateProvinceName;CountryRegion;CountryRegionCode;CountryName;PostalCode
1;428;Idaho Falls;ID;Idaho;Northwest;US;United States;83402
1;429;Lewiston;ID;Idaho;Northwest;US;United States;83501
1;430;Sandpoint;ID;Idaho;Northwest;US;United States;83864
1;491;Billings;MT;Montana;Northwest;US;United States;59101
1;492;Great Falls;MT;Montana;Northwest;US;United States;59401
1;493;Missoula;MT;Montana;Northwest;US;United States;59801
1;508;Fernley;NV;Nevada;Northwest;US;United States;89408
1;509;Las Vegas;NV;Nevada;Northwest;US;United States;89106
1;510;North Las Vegas;NV;Nevada;Northwest;US;United States;89030
1;511;Reno;NV;Nevada;Northwest;US;United States;89502
1;512;Sparks;NV;Nevada;Northwest;US;United States;89431
1;535;Albany;OR;Oregon;Northwest;US;United States;97321
1;536;Beaverton;OR;Oregon;Northwest;US;United States;97005
1;537;Clackamas;OR;Oregon;Northwest;US;United States;97015
1;538;Clackamas;OR;Oregon;Northwest;US;United States;97015-6403
1;539;Corvallis;OR;Oregon;Northwest;US;United States;97330
1;540;Hillsboro;OR;Oregon;Northwest;US;United States;97123
1;541;Klamath Falls;OR;Oregon;Northwest;US;United States;97601
1;542;Lake Oswego;OR;Oregon;Northwest;US;United States;97034
1;543;Lebanon;OR;Oregon;Northwest;US;United States;97355
1;544;Medford;OR;Oregon;Northwest;US;United States;97504
1;545;Milwaukie;OR;Oregon;Northwest;US;United States;97222
1;546;Oregon City;OR;Oregon;Northwest;US;United States;97045
1;547;Portland;OR;Oregon;Northwest;US;United States;97205
1;548;Salem;OR;Oregon;Northwest;US;United States;97301
1;549;Springfield;OR;Oregon;Northwest;US;United States;97477
1;550;Tigard;OR;Oregon;Northwest;US;United States;97223
1;551;Troutdale;OR;Oregon;Northwest;US;United States;97060
1;552;W. Linn;OR;Oregon;Northwest;US;United States;97068
1;553;Woodburn;OR;Oregon;Northwest;US;United States;97071
1;594;Bountiful;UT;Utah;Northwest;US;United States;84010
1;595;Cedar City;UT;Utah;Northwest;US;United States;84720
1;596;Ogden;UT;Utah;Northwest;US;United States;84401
1;597;Park City;UT;Utah;Northwest;US;United States;84098
1;598;Riverton;UT;Utah;Northwest;US;United States;84065
1;599;Salt Lake City;UT;Utah;Northwest;US;United States;84101
1;600;Sandy;UT;Utah;Northwest;US;United States;84070
1;601;Tooele;UT;Utah;Northwest;US;United States;84074
1;607;Ballard;WA;Washington;Northwest;US;United States;98107
1;608;Bellevue;WA;Washington;Northwest;US;United States;98004
1;609;Bellingham;WA;Washington;Northwest;US;United States;98225
1;610;Bothell;WA;Washington;Northwest;US;United States;98011
1;611;Bremerton;WA;Washington;Northwest;US;United States;98312
1;612;Burien;WA;Washington;Northwest;US;United States;98168
1;613;Chehalis;WA;Washington;Northwest;US;United States;98532
1;614;Edmonds;WA;Washington;Northwest;US;United States;98020
1;615;Ellensburg;WA;Washington;Northwest;US;United States;98926
1;616;Everett;WA;Washington;Northwest;US;United States;98201
1;617;Federal Way;WA;Washington;Northwest;US;United States;98003
1;618;Issaquah;WA;Washington;Northwest;US;United States;98027
1;619;Kelso;WA;Washington;Northwest;US;United States;98626
1;620;Kenmore;WA;Washington;Northwest;US;United States;98028
1;621;Kennewick;WA;Washington;Northwest;US;United States;99337
1;622;Kent;WA;Washington;Northwest;US;United States;98031
1;623;Kirkland;WA;Washington;Northwest;US;United States;98033
1;624;Lacey;WA;Washington;Northwest;US;United States;98503
1;625;Longview;WA;Washington;Northwest;US;United States;98632
1;626;Lynnwood;WA;Washington;Northwest;US;United States;98036
1;627;Marysville;WA;Washington;Northwest;US;United States;98270
1;628;Monroe;WA;Washington;Northwest;US;United States;98272
1;629;Newport Hills;WA;Washington;Northwest;US;United States;98006
1;630;North Bend;WA;Washington;Northwest;US;United States;98045
1;631;Olympia;WA;Washington;Northwest;US;United States;98501
1;632;Port Orchard;WA;Washington;Northwest;US;United States;98366
1;633;Puyallup;WA;Washington;Northwest;US;United States;98371
1;634;Redmond;WA;Washington;Northwest;US;United States;98052
1;635;Renton;WA;Washington;Northwest;US;United States;98055
1;636;Sammamish;WA;Washington;Northwest;US;United States;98074
1;637;Seattle;WA;Washington;Northwest;US;United States;98104
1;638;Sedro Woolley;WA;Washington;Northwest;US;United States;98284
1;639;Sequim;WA;Washington;Northwest;US;United States;98382
1;640;Shelton;WA;Washington;Northwest;US;United States;98584
1;641;Spokane;WA;Washington;Northwest;US;United States;99202
1;642;Tacoma;WA;Washington;Northwest;US;United States;98403
1;643;Union Gap;WA;Washington;Northwest;US;United States;98903
1;644;Walla Walla;WA;Washington;Northwest;US;United States;99362
1;645;Washougal;WA;Washington;Northwest;US;United States;98671
1;646;Wenatchee;WA;Washington;Northwest;US;United States;98801
1;647;Woodinville;WA;Washington;Northwest;US;United States;98072
1;648;Yakima;WA;Washington;Northwest;US;United States;98901
1;653;Casper;WY;Wyoming;Northwest;US;United States;82601
1;654;Cheyenne;WY;Wyoming;Northwest;US;United States;82001
1;655;Rock Springs;WY;Wyoming;Northwest;US;United States;82901
2;501;Hooksett;NH;New Hampshire;Northeast;US;United States;03106
2;502;Nashua;NH;New Hampshire;Northeast;US;United States;03064
2;503;Plaistow;NH;New Hampshire;Northeast;US;United States;03865
2;504;Tilton;NH;New Hampshire;Northeast;US;United States;03276
2;554;Warwick;RI;Rhode Island;Northeast;US;United States;02889
2;555;West Kingston;RI;Rhode Island;Northeast;US;United States;02892
2;556;Woonsocket;RI;Rhode Island;Northeast;US;United States;02895
2;513;Central Valley;NY;New York;Northeast;US;United States;10917
2;514;Cheektowaga;NY;New York;Northeast;US;United States;14227
2;515;Clay;NY;New York;Northeast;US;United States;13041
2;516;De Witt;NY;New York;Northeast;US;United States;13214
2;517;Endicott;NY;New York;Northeast;US;United States;13760
2;518;Ithaca;NY;New York;Northeast;US;United States;14850
2;519;Lake George;NY;New York;Northeast;US;United States;12845
2;520;Melville;NY;New York;Northeast;US;United States;11747
2;521;New Hartford;NY;New York;Northeast;US;United States;13413
2;522;New York;NY;New York;Northeast;US;United States;10007
2;523;Valley Stream;NY;New York;Northeast;US;United States;11580
2;524;Burbank;OH;Ohio;Northeast;US;United States;44214
2;525;Cincinnati;OH;Ohio;Northeast;US;United States;45202
2;526;Columbus;OH;Ohio;Northeast;US;United States;43215
2;527;Euclid;OH;Ohio;Northeast;US;United States;44119
2;528;Heath;OH;Ohio;Northeast;US;United States;43056
2;529;Holland;OH;Ohio;Northeast;US;United States;43528
2;530;Mansfield;OH;Ohio;Northeast;US;United States;44903
2;531;Mentor;OH;Ohio;Northeast;US;United States;44060
2;532;North Randall;OH;Ohio;Northeast;US;United States;44128
2;533;Oberlin;OH;Ohio;Northeast;US;United States;44074
2;534;Springdale;OH;Ohio;Northeast;US;United States;45246
2;441;Daleville;IN;Indiana;Northeast;US;United States;47334
2;442;Fort Wayne;IN;Indiana;Northeast;US;United States;46807
2;443;Indianapolis;IN;Indiana;Northeast;US;United States;46204
2;444;Logansport;IN;Indiana;Northeast;US;United States;46947
2;445;Michigan City;IN;Indiana;Northeast;US;United States;46360
2;446;New Castle;IN;Indiana;Northeast;US;United States;47362
2;447;South Bend;IN;Indiana;Northeast;US;United States;46601
2;453;Braintree;MA;Massachusetts;Northeast;US;United States;02184
2;454;Norwood;MA;Massachusetts;Northeast;US;United States;02062
2;455;Randolph;MA;Massachusetts;Northeast;US;United States;02368
2;456;Saugus;MA;Massachusetts;Northeast;US;United States;01906
2;457;Wrentham;MA;Massachusetts;Northeast;US;United States;02093
2;458;Baltimore;MD;Maryland;Northeast;US;United States;21201
2;459;Kittery;ME;Maine;Northeast;US;United States;03904
2;393;East Haven;CT;Connecticut;Northeast;US;United States;06512
2;394;Farmington;CT;Connecticut;Northeast;US;United States;06032
2;395;Hamden;CT;Connecticut;Northeast;US;United States;06518
2;396;Milford;CT;Connecticut;Northeast;US;United States;06460
2;397;New Haven;CT;Connecticut;Northeast;US;United States;06510
2;398;Stamford;CT;Connecticut;Northeast;US;United States;06901
2;399;Waterbury;CT;Connecticut;Northeast;US;United States;06710
2;400;Westport;CT;Connecticut;Northeast;US;United States;06880
3;460;Detroit;MI;Michigan;Central;US;United States;48226
3;461;Holland;MI;Michigan;Central;US;United States;49423
3;462;Howell;MI;Michigan;Central;US;United States;48843
3;463;Madison Heights;MI;Michigan;Central;US;United States;48071
3;464;Midland;MI;Michigan;Central;US;United States;48640
3;465;Monroe;MI;Michigan;Central;US;United States;98272
3;466;Novi;MI;Michigan;Central;US;United States;48375
3;467;Pontiac;MI;Michigan;Central;US;United States;48342
3;468;Port Huron;MI;Michigan;Central;US;United States;48060
3;469;Redford;MI;Michigan;Central;US;United States;48239
3;470;Saginaw;MI;Michigan;Central;US;United States;48601
3;471;Southfield;MI;Michigan;Central;US;United States;48034
3;472;Southgate;MI;Michigan;Central;US;United States;48195
3;473;Westland;MI;Michigan;Central;US;United States;48185
3;474;Zeeland;MI;Michigan;Central;US;United States;49464
3;475;Branch;MN;Minnesota;Central;US;United States;55056
3;476;Duluth;MN;Minnesota;Central;US;United States;55802
3;477;Edina;MN;Minnesota;Central;US;United States;55436
3;478;Medford;MN;Minnesota;Central;US;United States;55049
3;479;Minneapolis;MN;Minnesota;Central;US;United States;55402
3;480;Woodbury;MN;Minnesota;Central;US;United States;55125
3;481;Branson;MO;Missouri;Central;US;United States;65616
3;482;Ferguson;MO;Missouri;Central;US;United States;63135
3;483;Jefferson City;MO;Missouri;Central;US;United States;65101
3;484;Kansas City;MO;Missouri;Central;US;United States;64106
3;485;Odessa;MO;Missouri;Central;US;United States;64076
3;486;Saint Ann;MO;Missouri;Central;US;United States;63074
3;487;Saint Louis;MO;Missouri;Central;US;United States;63103
3;431;Carol Stream;IL;Illinois;Central;US;United States;60188
3;432;Chicago;IL;Illinois;Central;US;United States;60610
3;433;Elgin;IL;Illinois;Central;US;United States;60120
3;434;Joliet;IL;Illinois;Central;US;United States;60433
3;435;Moline;IL;Illinois;Central;US;United States;61265
3;436;Norridge;IL;Illinois;Central;US;United States;60706
3;437;Peoria;IL;Illinois;Central;US;United States;61606
3;438;Tuscola;IL;Illinois;Central;US;United States;61953
3;439;West Chicago;IL;Illinois;Central;US;United States;60185
3;440;Wood Dale;IL;Illinois;Central;US;United States;60191
3;386;Denver;CO;Colorado;Central;US;United States;80203
3;387;Englewood;CO;Colorado;Central;US;United States;80110
3;388;Greeley;CO;Colorado;Central;US;United States;80631
3;389;Longmont;CO;Colorado;Central;US;United States;80501
3;390;Loveland;CO;Colorado;Central;US;United States;80537
3;391;Parker;CO;Colorado;Central;US;United States;80138
3;392;Westminster;CO;Colorado;Central;US;United States;80030
3;560;Denby;SD;South Dakota;Central;US;United States;57716
3;561;North Sioux City;SD;South Dakota;Central;US;United States;57049
3;649;Johnson Creek;WI;Wisconsin;Central;US;United States;53038
3;650;Milwaukee;WI;Wisconsin;Central;US;United States;53202
3;651;Mosinee;WI;Wisconsin;Central;US;United States;54455
3;652;Racine;WI;Wisconsin;Central;US;United States;53182
4;505;Las Cruces;NM;New Mexico;Southwest;US;United States;88001
4;506;Rio Rancho;NM;New Mexico;Southwest;US;United States;87124
4;507;Santa Fe;NM;New Mexico;Southwest;US;United States;87501
4;571;Arlington;TX;Texas;Southwest;US;United States;76010
4;572;Austin;TX;Texas;Southwest;US;United States;78701
4;573;Baytown;TX;Texas;Southwest;US;United States;77520
4;574;Carrollton;TX;Texas;Southwest;US;United States;75006
4;575;Cedar Park;TX;Texas;Southwest;US;United States;78613
4;576;College Station;TX;Texas;Southwest;US;United States;77840
4;577;Corpus Christi;TX;Texas;Southwest;US;United States;78404
4;578;Dallas;TX;Texas;Southwest;US;United States;75201
4;579;Fort Worth;TX;Texas;Southwest;US;United States;76102
4;580;Garland;TX;Texas;Southwest;US;United States;75040
4;581;Hillsboro;TX;Texas;Southwest;US;United States;76645
4;582;Houston;TX;Texas;Southwest;US;United States;77003
4;583;Humble;TX;Texas;Southwest;US;United States;77338
4;584;Irving;TX;Texas;Southwest;US;United States;75061
4;585;Killeen;TX;Texas;Southwest;US;United States;76541
4;586;La Marque;TX;Texas;Southwest;US;United States;77568
4;587;Laredo;TX;Texas;Southwest;US;United States;78040
4;588;Mesquite;TX;Texas;Southwest;US;United States;75149
4;589;Plano;TX;Texas;Southwest;US;United States;75074
4;590;Round Rock;TX;Texas;Southwest;US;United States;78664
4;591;San Antonio;TX;Texas;Southwest;US;United States;78204
4;592;Stafford;TX;Texas;Southwest;US;United States;77477
4;593;Sugar Land;TX;Texas;Southwest;US;United States;77478
4;285;Chandler;AZ;Arizona;Southwest;US;United States;85225
4;286;Gilbert;AZ;Arizona;Southwest;US;United States;85233
4;287;Mesa;AZ;Arizona;Southwest;US;United States;85201
4;288;Phoenix;AZ;Arizona;Southwest;US;United States;85004
4;289;Scottsdale;AZ;Arizona;Southwest;US;United States;85257
4;290;Surprise;AZ;Arizona;Southwest;US;United States;85374
4;291;Tucson;AZ;Arizona;Southwest;US;United States;85701
4;292;Alhambra;CA;California;Southwest;US;United States;91801
4;293;Alpine;CA;California;Southwest;US;United States;91901
4;294;Auburn;CA;California;Southwest;US;United States;95603
4;295;Baldwin Park;CA;California;Southwest;US;United States;91706
4;296;Barstow;CA;California;Southwest;US;United States;92311
4;297;Bell Gardens;CA;California;Southwest;US;United States;90201
4;298;Bellflower;CA;California;Southwest;US;United States;90706
4;299;Berkeley;CA;California;Southwest;US;United States;94704
4;300;Beverly Hills;CA;California;Southwest;US;United States;90210
4;301;Burbank;CA;California;Southwest;US;United States;91502
4;302;Burlingame;CA;California;Southwest;US;United States;94010
4;303;Camarillo;CA;California;Southwest;US;United States;93010
4;304;Canoga Park;CA;California;Southwest;US;United States;91303
4;305;Carson;CA;California;Southwest;US;United States;90746
4;306;Cerritos;CA;California;Southwest;US;United States;90703
4;307;Chula Vista;CA;California;Southwest;US;United States;91910
4;308;Citrus Heights;CA;California;Southwest;US;United States;95610
4;309;City Of Commerce;CA;California;Southwest;US;United States;90040
4;310;Colma;CA;California;Southwest;US;United States;94014
4;311;Concord;CA;California;Southwest;US;United States;94519
4;312;Coronado;CA;California;Southwest;US;United States;92118
4;313;Culver City;CA;California;Southwest;US;United States;90232
4;314;Daly City;CA;California;Southwest;US;United States;94015
4;315;Downey;CA;California;Southwest;US;United States;90241
4;316;El Cajon;CA;California;Southwest;US;United States;92020
4;317;El Segundo;CA;California;Southwest;US;United States;90245
4;318;Elk Grove;CA;California;Southwest;US;United States;95624
4;319;Escondido;CA;California;Southwest;US;United States;92025
4;320;Eureka;CA;California;Southwest;US;United States;95501
4;321;Fontana;CA;California;Southwest;US;United States;92335
4;322;Fremont;CA;California;Southwest;US;United States;94536
4;323;Fullerton;CA;California;Southwest;US;United States;92831
4;324;Gilroy;CA;California;Southwest;US;United States;95020
4;325;Glendale;CA;California;Southwest;US;United States;91203
4;326;Grossmont;CA;California;Southwest;US;United States;91941
4;327;Hanford;CA;California;Southwest;US;United States;93230
4;328;Hayward;CA;California;Southwest;US;United States;94541
4;329;Imperial Beach;CA;California;Southwest;US;United States;91932
4;330;Irvine;CA;California;Southwest;US;United States;92614
4;331;La Jolla;CA;California;Southwest;US;United States;92806
4;332;La Mesa;CA;California;Southwest;US;United States;91941
4;333;Lake Elsinore;CA;California;Southwest;US;United States;92530
4;334;Lakewood;CA;California;Southwest;US;United States;90712
4;335;Lemon Grove;CA;California;Southwest;US;United States;91945
4;336;Lincoln Acres;CA;California;Southwest;US;United States;91950
4;337;Long Beach;CA;California;Southwest;US;United States;90802
4;338;Los Angeles;CA;California;Southwest;US;United States;90012
4;339;Mill Valley;CA;California;Southwest;US;United States;94941
4;340;Milpitas;CA;California;Southwest;US;United States;95035
4;341;Modesto;CA;California;Southwest;US;United States;95354
4;342;Monrovia;CA;California;Southwest;US;United States;91016
4;343;National City;CA;California;Southwest;US;United States;91950
4;344;Newark;CA;California;Southwest;US;United States;94560
4;345;Newport Beach;CA;California;Southwest;US;United States;92625
4;346;Norwalk;CA;California;Southwest;US;United States;90650
4;347;Novato;CA;California;Southwest;US;United States;94947
4;348;Oakland;CA;California;Southwest;US;United States;94611
4;349;Ontario;CA;California;Southwest;US;United States;91764
4;350;Orange;CA;California;Southwest;US;United States;92867
4;351;Oxnard;CA;California;Southwest;US;United States;93030
4;352;Palo Alto;CA;California;Southwest;US;United States;94303
4;353;Pleasanton;CA;California;Southwest;US;United States;94566
4;354;Redlands;CA;California;Southwest;US;United States;92373
4;355;Redwood City;CA;California;Southwest;US;United States;94063
4;356;Sacramento;CA;California;Southwest;US;United States;95814
4;357;San Bruno;CA;California;Southwest;US;United States;94066
4;358;San Carlos;CA;California;Southwest;US;United States;94070
4;359;San Diego;CA;California;Southwest;US;United States;92102
4;360;San Francisco;CA;California;Southwest;US;United States;94109
4;361;San Gabriel;CA;California;Southwest;US;United States;91776
4;362;San Jose;CA;California;Southwest;US;United States;95112
4;363;San Mateo;CA;California;Southwest;US;United States;94404
4;364;San Ramon;CA;California;Southwest;US;United States;94583
4;365;San Ysidro;CA;California;Southwest;US;United States;92173
4;366;Sand City;CA;California;Southwest;US;United States;93955
4;367;Santa Ana;CA;California;Southwest;US;United States;92701
4;368;Santa Cruz;CA;California;Southwest;US;United States;95062
4;369;Santa Monica;CA;California;Southwest;US;United States;90401
4;370;Sherman Oaks;CA;California;Southwest;US;United States;91403
4;371;Simi Valley;CA;California;Southwest;US;United States;93065
4;372;Spring Valley;CA;California;Southwest;US;United States;91977
4;373;Stockton;CA;California;Southwest;US;United States;95202
4;374;Torrance;CA;California;Southwest;US;United States;90505
4;375;Trabuco Canyon;CA;California;Southwest;US;United States;92679
4;376;Union City;CA;California;Southwest;US;United States;94587
4;377;Upland;CA;California;Southwest;US;United States;91786
4;378;Vacaville;CA;California;Southwest;US;United States;95688
4;379;Van Nuys;CA;California;Southwest;US;United States;91411
4;380;Visalia;CA;California;Southwest;US;United States;93291
4;381;Vista;CA;California;Southwest;US;United States;92084
4;382;Walnut Creek;CA;California;Southwest;US;United States;94596
4;383;West Covina;CA;California;Southwest;US;United States;91791
4;384;Whittier;CA;California;Southwest;US;United States;90605
4;385;Woodland Hills;CA;California;Southwest;US;United States;91364
5;562;Crossville;TN;Tennessee;Southeast;US;United States;38555
5;563;Hixson;TN;Tennessee;Southeast;US;United States;37343
5;564;Kingsport;TN;Tennessee;Southeast;US;United States;37660
5;565;La Vergne;TN;Tennessee;Southeast;US;United States;37086
5;566;Maryville;TN;Tennessee;Southeast;US;United States;37801
5;567;Memphis;TN;Tennessee;Southeast;US;United States;38103
5;568;Millington;TN;Tennessee;Southeast;US;United States;38054
5;569;Nashville;TN;Tennessee;Southeast;US;United States;37203
5;570;Pigeon Forge;TN;Tennessee;Southeast;US;United States;37863
5;602;Chantilly;VA;Virginia;Southeast;US;United States;20151
5;603;Falls Church;VA;Virginia;Southeast;US;United States;22046
5;604;Leesburg;VA;Virginia;Southeast;US;United States;20176
5;605;Newport News;VA;Virginia;Southeast;US;United States;23607
5;606;Virginia Beach;VA;Virginia;Southeast;US;United States;23451
5;557;Bluffton;SC;South Carolina;Southeast;US;United States;29910
5;558;Gaffney;SC;South Carolina;Southeast;US;United States;29340
5;559;Myrtle Beach;SC;South Carolina;Southeast;US;United States;29577
5;280;Birmingham;AL;Alabama;Southeast;US;United States;35203
5;281;Florence;AL;Alabama;Southeast;US;United States;35630
5;282;Huntsville;AL;Alabama;Southeast;US;United States;35801
5;283;Mobile;AL;Alabama;Southeast;US;United States;36602
5;284;Montgomery;AL;Alabama;Southeast;US;United States;36104
5;448;Campbellsville;KY;Kentucky;Southeast;US;United States;42718
5;449;Florence;KY;Kentucky;Southeast;US;United States;41042
5;450;Newport;KY;Kentucky;Southeast;US;United States;41071
5;451;Saint Matthews;KY;Kentucky;Southeast;US;United States;40207
5;452;Somerset;KY;Kentucky;Southeast;US;United States;42501
5;494;Charlotte;NC;North Carolina;Southeast;US;United States;28202
5;495;Greensboro;NC;North Carolina;Southeast;US;United States;27412
5;496;Kannapolis;NC;North Carolina;Southeast;US;United States;28081
5;497;Raleigh;NC;North Carolina;Southeast;US;United States;27603
5;498;Rocky Mount;NC;North Carolina;Southeast;US;United States;27803
5;499;Smithfield;NC;North Carolina;Southeast;US;United States;27577
5;500;Winston-Salem;NC;North Carolina;Southeast;US;United States;27104
5;488;Biloxi;MS;Mississippi;Southeast;US;United States;39530
5;489;Gulfport;MS;Mississippi;Southeast;US;United States;39501
5;490;Tupelo;MS;Mississippi;Southeast;US;United States;38804
5;401;Altamonte Springs;FL;Florida;Southeast;US;United States;32701
5;402;Bradenton;FL;Florida;Southeast;US;United States;34205
5;403;Clearwater;FL;Florida;Southeast;US;United States;33755
5;404;Destin;FL;Florida;Southeast;US;United States;32541
5;405;Hollywood;FL;Florida;Southeast;US;United States;33021
5;406;Kendall;FL;Florida;Southeast;US;United States;33143
5;407;Lakeland;FL;Florida;Southeast;US;United States;33801
5;408;Merritt Island;FL;Florida;Southeast;US;United States;32952
5;409;Miami;FL;Florida;Southeast;US;United States;33127
5;410;North Miami Beach;FL;Florida;Southeast;US;United States;33162
5;411;Orlando;FL;Florida;Southeast;US;United States;32804
5;412;Sarasota;FL;Florida;Southeast;US;United States;34236
5;413;Sunrise;FL;Florida;Southeast;US;United States;33322
5;414;Tampa;FL;Florida;Southeast;US;United States;33602
5;415;Vero Beach;FL;Florida;Southeast;US;United States;32960
5;416;Atlanta;GA;Georgia;Southeast;US;United States;30308
5;417;Augusta;GA;Georgia;Southeast;US;United States;30901
5;418;Austell;GA;Georgia;Southeast;US;United States;30106
5;419;Byron;GA;Georgia;Southeast;US;United States;31008
5;420;Clarkston;GA;Georgia;Southeast;US;United States;30021
5;421;Columbus;GA;Georgia;Southeast;US;United States;31901
5;422;Decatur;GA;Georgia;Southeast;US;United States;30030
5;423;La Grange;GA;Georgia;Southeast;US;United States;30240
5;424;Marietta;GA;Georgia;Southeast;US;United States;30060
5;425;Mcdonough;GA;Georgia;Southeast;US;United States;30253
5;426;Savannah;GA;Georgia;Southeast;US;United States;31401
5;427;Suwanee;GA;Georgia;Southeast;US;United States;30024
6;41;Calgary;AB;Alberta;Canada;CA;Canada;T2P 2G8
6;42;Edmonton;AB;Alberta;Canada;CA;Canada;T5
6;43;Burnaby;BC;British Columbia;Canada;CA;Canada;V3J 6Z3
6;44;Burnaby;BC;British Columbia;Canada;CA;Canada;V5A 3A6
6;45;Burnaby;BC;British Columbia;Canada;CA;Canada;V5A 4X1
6;46;Burnaby;BC;British Columbia;Canada;CA;Canada;V5G 4S4
6;47;Burnaby;BC;British Columbia;Canada;CA;Canada;V5G 4W1
6;48;Burnaby;BC;British Columbia;Canada;CA;Canada;V5H 3Z7
6;49;Cliffside;BC;British Columbia;Canada;CA;Canada;V8Y 1L1
6;50;Haney;BC;British Columbia;Canada;CA;Canada;V2W 1W2
6;51;Langford;BC;British Columbia;Canada;CA;Canada;V9
6;52;Langley;BC;British Columbia;Canada;CA;Canada;V3A 4R2
6;53;Metchosin;BC;British Columbia;Canada;CA;Canada;V9
6;54;N. Vancouver;BC;British Columbia;Canada;CA;Canada;V7L 4J4
6;55;Newton;BC;British Columbia;Canada;CA;Canada;V2L3W8
6;56;Newton;BC;British Columbia;Canada;CA;Canada;V2M1N7
6;57;Newton;BC;British Columbia;Canada;CA;Canada;V2M1P1
6;58;Newton;BC;British Columbia;Canada;CA;Canada;V2M1S6
6;59;Oak Bay;BC;British Columbia;Canada;CA;Canada;V8P
6;60;Port Hammond;BC;British Columbia;Canada;CA;Canada;V6B 3P7
6;61;Richmond;BC;British Columbia;Canada;CA;Canada;V6B 3P7
6;62;Royal Oak;BC;British Columbia;Canada;CA;Canada;V8X
6;63;Shawnee;BC;British Columbia;Canada;CA;Canada;V8Z 4N5
6;64;Shawnee;BC;British Columbia;Canada;CA;Canada;V9B 2C3
6;65;Shawnee;BC;British Columbia;Canada;CA;Canada;V9B 5T2
6;66;Sooke;BC;British Columbia;Canada;CA;Canada;V0
6;67;Surrey;BC;British Columbia;Canada;CA;Canada;V3T 4W3
6;68;Vancouver;BC;British Columbia;Canada;CA;Canada;V7L 4J4
6;69;Victoria;BC;British Columbia;Canada;CA;Canada;V8V
6;70;Westminster;BC;British Columbia;Canada;CA;Canada;V3L 1E7
6;71;Westminster;BC;British Columbia;Canada;CA;Canada;V3L 1H4
6;72;Winnipeg;MB;Manitoba;Canada;CA;Canada;R3
6;73;Saint John;NB;Brunswick;Canada;CA;Canada;E2P 1E3
6;74;Aurora;ON;Ontario;Canada;CA;Canada;L4G 7N6
6;75;Barrie;ON;Ontario;Canada;CA;Canada;L4N
6;76;Brampton;ON;Ontario;Canada;CA;Canada;L6W 2T7
6;77;Chalk Riber;ON;Ontario;Canada;CA;Canada;K0J 1J0
6;78;Etobicoke;ON;Ontario;Canada;CA;Canada;M9W 3P3
6;79;Kanata;ON;Ontario;Canada;CA;Canada;K2L 1H5
6;80;Kingston;ON;Ontario;Canada;CA;Canada;7L
6;81;Markham;ON;Ontario;Canada;CA;Canada;L3S 3K2
6;82;Mississauga;ON;Ontario;Canada;CA;Canada;L4W 5J3
6;83;Mississauga;ON;Ontario;Canada;CA;Canada;L5A 1H6
6;84;Mississauga;ON;Ontario;Canada;CA;Canada;L5B 3V4
6;85;Nepean;ON;Ontario;Canada;CA;Canada;K2J 2W5
6;86;North York;ON;Ontario;Canada;CA;Canada;M4C 4K6
6;87;Ottawa;ON;Ontario;Canada;CA;Canada;K4B 1S1
6;88;Ottawa;ON;Ontario;Canada;CA;Canada;K4B 1S2
6;89;Ottawa;ON;Ontario;Canada;CA;Canada;K4B 1S3
6;90;Ottawa;ON;Ontario;Canada;CA;Canada;K4B 1T7
6;91;Richmond Hill;ON;Ontario;Canada;CA;Canada;L4E 3M5
6;92;Scarborough;ON;Ontario;Canada;CA;Canada;M1V 4M2
6;93;Toronto;ON;Ontario;Canada;CA;Canada;M4B 1V4
6;94;Toronto;ON;Ontario;Canada;CA;Canada;M4B 1V5
6;95;Toronto;ON;Ontario;Canada;CA;Canada;M4B 1V6
6;96;Toronto;ON;Ontario;Canada;CA;Canada;M4B 1V7
6;97;Vancouver;ON;Ontario;Canada;CA;Canada;V5T 1Y9
6;98;Waterloo;ON;Ontario;Canada;CA;Canada;N2V
6;99;Weston;ON;Ontario;Canada;CA;Canada;M9V 4W3
6;100;Brossard;QC;Quebec;Canada;CA;Canada;J4Z 1C5
6;101;Brossard;QC;Quebec;Canada;CA;Canada;J4Z 1R4
6;102;Dorval;QC;Quebec;Canada;CA;Canada;H9P 1H1
6;103;Hull;QC;Quebec;Canada;CA;Canada;8Y
6;104;Montreal;QC;Quebec;Canada;CA;Canada;H1Y 2H3
6;105;Montreal;QC;Quebec;Canada;CA;Canada;H1Y 2H5
6;106;Montreal;QC;Quebec;Canada;CA;Canada;H1Y 2H7
6;107;Montreal;QC;Quebec;Canada;CA;Canada;H1Y 2H8
6;108;Outremont;QC;Quebec;Canada;CA;Canada;H1Y 2G5
6;109;Pnot-Rouge;QC;Quebec;Canada;CA;Canada;J1E 2T7
6;110;Quebec;QC;Quebec;Canada;CA;Canada;G1R
6;111;Sainte-Foy;QC;Quebec;Canada;CA;Canada;G1W
6;112;Sillery;QC;Quebec;Canada;CA;Canada;G1T
6;113;Ville De'anjou;QC;Quebec;Canada;CA;Canada;J1G 2R3
7;179;Saint Ouen;17;Charente-Maritime;France;FR;France;17490
7;180;Colomiers;31;Garonne (Haute);France;FR;France;31770
7;181;Aujan Mournede;32;Gers;France;FR;France;32300
7;182;Saint Ouen;41;Loir et Cher;France;FR;France;41100
7;183;Orleans;45;Loiret;France;FR;France;45000
7;184;Metz;57;Moselle;France;FR;France;57000
7;185;Croix;59;Nord;France;FR;France;59170
7;186;Dunkerque;59;Nord;France;FR;France;59140
7;187;Lille;59;Nord;France;FR;France;59000
7;188;Roncq;59;Nord;France;FR;France;59223
7;189;Roubaix;59;Nord;France;FR;France;59100
7;190;Villeneuve-d'Ascq;59;Nord;France;FR;France;59491
7;191;Boulogne-sur-Mer;62;Pas de Calais;France;FR;France;62200
7;192;Paris;75;Seine (Paris);France;FR;France;75002
7;193;Paris;75;Seine (Paris);France;FR;France;75003
7;194;Paris;75;Seine (Paris);France;FR;France;75005
7;195;Paris;75;Seine (Paris);France;FR;France;75006
7;196;Paris;75;Seine (Paris);France;FR;France;75007
7;197;Paris;75;Seine (Paris);France;FR;France;75008
7;198;Paris;75;Seine (Paris);France;FR;France;75009
7;199;Paris;75;Seine (Paris);France;FR;France;75010
7;200;Paris;75;Seine (Paris);France;FR;France;75012
7;201;Paris;75;Seine (Paris);France;FR;France;75013
7;202;Paris;75;Seine (Paris);France;FR;France;75016
7;203;Paris;75;Seine (Paris);France;FR;France;75017
7;204;Paris;75;Seine (Paris);France;FR;France;75019
7;205;Lieusaint;77;Seine et Marne;France;FR;France;77127
7;206;Roissy en Brie;77;Seine et Marne;France;FR;France;77680
7;207;Chatou;78;Yveline;France;FR;France;78400
7;208;Saint Germain en Laye;78;Yveline;France;FR;France;78100
7;209;Versailles;78;Yveline;France;FR;France;78000
7;210;Saint Ouen;80;Somme;France;FR;France;80610
7;211;Les Ulis;91;Essonne;France;FR;France;91940
7;212;Morangis;91;Essonne;France;FR;France;91420
7;213;Verrieres Le Buisson;91;Essonne;France;FR;France;91370
7;214;Boulogne-Billancourt;92;Hauts de Seine;France;FR;France;92100
7;215;Colombes;92;Hauts de Seine;France;FR;France;92700
7;216;Courbevoie;92;Hauts de Seine;France;FR;France;92400
7;217;Paris La Defense;92;Hauts de Seine;France;FR;France;92081
7;218;Sèvres;92;Hauts de Seine;France;FR;France;92310
7;219;Suresnes;92;Hauts de Seine;France;FR;France;92150
7;220;Bobigny;93;Seine Saint Denis;France;FR;France;93000
7;221;Drancy;93;Seine Saint Denis;France;FR;France;93700
7;222;Pantin;93;Seine Saint Denis;France;FR;France;93500
7;223;Saint-Denis;93;Seine Saint Denis;France;FR;France;93400
7;224;Tremblay-en-France;93;Seine Saint Denis;France;FR;France;93290
7;225;Orly;94;Val de Marne;France;FR;France;94310
7;226;Cergy;95;Val d'Oise;France;FR;France;95000
8;114;Berlin;BB;Brandenburg;Germany;DE;Germany;14197
8;115;Eilenburg;BB;Brandenburg;Germany;DE;Germany;04838
8;116;Augsburg;BY;Bayern;Germany;DE;Germany;86150
8;117;Erlangen;BY;Bayern;Germany;DE;Germany;91054
8;118;Frankfurt;BY;Bayern;Germany;DE;Germany;91480
8;119;Grevenbroich;BY;Bayern;Germany;DE;Germany;41485
8;120;Hof;BY;Bayern;Germany;DE;Germany;95010
8;121;Ingolstadt;BY;Bayern;Germany;DE;Germany;85049
8;122;Bad Soden;HE;Hessen;Germany;DE;Germany;65800
8;123;Berlin;HE;Hessen;Germany;DE;Germany;12171
8;124;Berlin;HE;Hessen;Germany;DE;Germany;13441
8;125;Berlin;HE;Hessen;Germany;DE;Germany;14111
8;126;Berlin;HE;Hessen;Germany;DE;Germany;14129
8;127;Darmstadt;HE;Hessen;Germany;DE;Germany;64283
8;128;Dresden;HE;Hessen;Germany;DE;Germany;01071
8;129;Duesseldorf;HE;Hessen;Germany;DE;Germany;40434
8;130;Duesseldorf;HE;Hessen;Germany;DE;Germany;40605
8;131;Frankfurt;HE;Hessen;Germany;DE;Germany;60323
8;132;Hamburg;HE;Hessen;Germany;DE;Germany;22001
8;133;Kassel;HE;Hessen;Germany;DE;Germany;34117
8;134;München;HE;Hessen;Germany;DE;Germany;80074
8;135;Salzgitter;HE;Hessen;Germany;DE;Germany;38231
8;136;Ascheim;HH;Hamburg;Germany;DE;Germany;86171
8;137;Augsburg;HH;Hamburg;Germany;DE;Germany;86171
8;138;Berlin;HH;Hamburg;Germany;DE;Germany;10210
8;139;Berlin;HH;Hamburg;Germany;DE;Germany;10791
8;140;Berlin;HH;Hamburg;Germany;DE;Germany;12311
8;141;Berlin;HH;Hamburg;Germany;DE;Germany;14111
8;142;Bonn;HH;Hamburg;Germany;DE;Germany;53001
8;143;Bonn;HH;Hamburg;Germany;DE;Germany;53131
8;144;Essen;HH;Hamburg;Germany;DE;Germany;45001
8;145;Frankfurt am Main;HH;Hamburg;Germany;DE;Germany;60082
8;146;Frankfurt am Main;HH;Hamburg;Germany;DE;Germany;60355
8;147;Hamburg;HH;Hamburg;Germany;DE;Germany;20354
8;148;Muehlheim;HH;Hamburg;Germany;DE;Germany;63151
8;149;Mühlheim;HH;Hamburg;Germany;DE;Germany;63151
8;150;München;HH;Hamburg;Germany;DE;Germany;80074
8;151;Paderborn;HH;Hamburg;Germany;DE;Germany;33041
8;152;Berlin;NW;Nordrhein-Westfalen;Germany;DE;Germany;10501
8;153;Berlin;NW;Nordrhein-Westfalen;Germany;DE;Germany;14197
8;154;Bonn;NW;Nordrhein-Westfalen;Germany;DE;Germany;53131
8;155;Bottrop;NW;Nordrhein-Westfalen;Germany;DE;Germany;46236
8;156;Braunschweig;NW;Nordrhein-Westfalen;Germany;DE;Germany;38001
8;157;Hannover;NW;Nordrhein-Westfalen;Germany;DE;Germany;30601
8;158;Leipzig;NW;Nordrhein-Westfalen;Germany;DE;Germany;04139
8;159;München;NW;Nordrhein-Westfalen;Germany;DE;Germany;80074
8;160;Paderborn;NW;Nordrhein-Westfalen;Germany;DE;Germany;33098
8;161;Solingen;NW;Nordrhein-Westfalen;Germany;DE;Germany;42651
8;162;Werne;NW;Nordrhein-Westfalen;Germany;DE;Germany;59368
8;163;Berlin;SL;Saarland;Germany;DE;Germany;12171
8;164;Berlin;SL;Saarland;Germany;DE;Germany;12311
8;165;Berlin;SL;Saarland;Germany;DE;Germany;14197
8;166;Frankfurt am Main;SL;Saarland;Germany;DE;Germany;60061
8;167;Frankfurt am Main;SL;Saarland;Germany;DE;Germany;60075
8;168;Kiel;SL;Saarland;Germany;DE;Germany;24044
8;169;München;SL;Saarland;Germany;DE;Germany;48001
8;170;Münster;SL;Saarland;Germany;DE;Germany;48001
8;171;Neunkirchen;SL;Saarland;Germany;DE;Germany;66578
8;172;Offenbach;SL;Saarland;Germany;DE;Germany;63009
8;173;Poing;SL;Saarland;Germany;DE;Germany;66041
8;174;Saarbrücken;SL;Saarland;Germany;DE;Germany;66001
8;175;Saarlouis;SL;Saarland;Germany;DE;Germany;66740
8;176;Stuttgart;SL;Saarland;Germany;DE;Germany;70452
8;177;Stuttgart;SL;Saarland;Germany;DE;Germany;70511
8;178;Sulzbach Taunus;SL;Saarland;Germany;DE;Germany;66272
9;1;Alexandria;NSW;New South Wales;Australia;AU;Australia;2015
9;2;Coffs Harbour;NSW;New South Wales;Australia;AU;Australia;2450
9;3;Darlinghurst;NSW;New South Wales;Australia;AU;Australia;2010
9;4;Goulburn;NSW;New South Wales;Australia;AU;Australia;2580
9;5;Lane Cove;NSW;New South Wales;Australia;AU;Australia;1597
9;6;Lavender Bay;NSW;New South Wales;Australia;AU;Australia;2060
9;7;Malabar;NSW;New South Wales;Australia;AU;Australia;2036
9;8;Matraville;NSW;New South Wales;Australia;AU;Australia;2036
9;9;Milsons Point;NSW;New South Wales;Australia;AU;Australia;2061
9;10;Newcastle;NSW;New South Wales;Australia;AU;Australia;2300
9;11;North Ryde;NSW;New South Wales;Australia;AU;Australia;2113
9;12;North Sydney;NSW;New South Wales;Australia;AU;Australia;2055
9;13;Port Macquarie;NSW;New South Wales;Australia;AU;Australia;2444
9;14;Rhodes;NSW;New South Wales;Australia;AU;Australia;2138
9;15;Silverwater;NSW;New South Wales;Australia;AU;Australia;2264
9;16;Springwood;NSW;New South Wales;Australia;AU;Australia;2777
9;17;St. Leonards;NSW;New South Wales;Australia;AU;Australia;2065
9;18;Sydney;NSW;New South Wales;Australia;AU;Australia;1002
9;19;Wollongong;NSW;New South Wales;Australia;AU;Australia;2500
9;20;Brisbane;QLD;Queensland;Australia;AU;Australia;4000
9;21;Caloundra;QLD;Queensland;Australia;AU;Australia;4551
9;22;East Brisbane;QLD;Queensland;Australia;AU;Australia;4169
9;23;Gold Coast;QLD;Queensland;Australia;AU;Australia;4217
9;24;Hawthorne;QLD;Queensland;Australia;AU;Australia;4171
9;25;Hervey Bay;QLD;Queensland;Australia;AU;Australia;4655
9;26;Rockhampton;QLD;Queensland;Australia;AU;Australia;4700
9;27;Townsville;QLD;Queensland;Australia;AU;Australia;4810
9;28;Cloverdale;SA;South Australia;Australia;AU;Australia;6105
9;29;Findon;SA;South Australia;Australia;AU;Australia;5023
9;30;Perth;SA;South Australia;Australia;AU;Australia;6006
9;31;Hobart;TAS;Tasmania;Australia;AU;Australia;7001
9;32;Bendigo;VIC;Victoria;Australia;AU;Australia;3550
9;33;Cranbourne;VIC;Victoria;Australia;AU;Australia;3977
9;34;Geelong;VIC;Victoria;Australia;AU;Australia;3220
9;35;Melbourne;VIC;Victoria;Australia;AU;Australia;3000
9;36;Melton;VIC;Victoria;Australia;AU;Australia;3337
9;37;Seaford;VIC;Victoria;Australia;AU;Australia;3198
9;38;South Melbourne;VIC;Victoria;Australia;AU;Australia;3205
9;39;Sunbury;VIC;Victoria;Australia;AU;Australia;3429
9;40;Warrnambool;VIC;Victoria;Australia;AU;Australia;3280
10;227;Abingdon;ENG;England;United Kingdom;GB;United Kingdom;OX14 4SE
10;228;Basingstoke Hants;ENG;England;United Kingdom;GB;United Kingdom;RG24 8PL
10;229;Berks;ENG;England;United Kingdom;GB;United Kingdom;SL4 1RH
10;230;Berkshire;ENG;England;United Kingdom;GB;United Kingdom;RG11 5TP
10;231;Billericay;ENG;England;United Kingdom;GB;United Kingdom;CM11
10;232;Birmingham;ENG;England;United Kingdom;GB;United Kingdom;B29 6SL
10;233;Bracknell;ENG;England;United Kingdom;GB;United Kingdom;RG12 8TB
10;234;Bury;ENG;England;United Kingdom;GB;United Kingdom;PE17
10;235;Cambridge;ENG;England;United Kingdom;GB;United Kingdom;CB4 4BZ
10;236;Cheltenham;ENG;England;United Kingdom;GB;United Kingdom;GL50
10;237;Esher-Molesey;ENG;England;United Kingdom;GB;United Kingdom;EM15
10;238;Gateshead;ENG;England;United Kingdom;GB;United Kingdom;GA10
10;239;Gloucestershire;ENG;England;United Kingdom;GB;United Kingdom;GL7 1RY
10;240;High Wycombe;ENG;England;United Kingdom;GB;United Kingdom;HP10 9QY
10;241;Kirkby;ENG;England;United Kingdom;GB;United Kingdom;KB9
10;242;Lancaster;ENG;England;United Kingdom;GB;United Kingdom;LA1 1LN
10;243;Leeds;ENG;England;United Kingdom;GB;United Kingdom;LE18
10;244;London;ENG;England;United Kingdom;GB;United Kingdom;C2H 7AU
10;245;London;ENG;England;United Kingdom;GB;United Kingdom;E17 6JF
10;246;London;ENG;England;United Kingdom;GB;United Kingdom;EC1R 0DU
10;247;London;ENG;England;United Kingdom;GB;United Kingdom;SE1 8HL
10;248;London;ENG;England;United Kingdom;GB;United Kingdom;SW19 3RU
10;249;London;ENG;England;United Kingdom;GB;United Kingdom;SW1P 2NU
10;250;London;ENG;England;United Kingdom;GB;United Kingdom;SW6 SBY
10;251;London;ENG;England;United Kingdom;GB;United Kingdom;SW8 1XD
10;252;London;ENG;England;United Kingdom;GB;United Kingdom;SW8 4BG
10;253;London;ENG;England;United Kingdom;GB;United Kingdom;W10 6BL
10;254;London;ENG;England;United Kingdom;GB;United Kingdom;W1N 9FA
10;255;London;ENG;England;United Kingdom;GB;United Kingdom;W1V 5RN
10;256;London;ENG;England;United Kingdom;GB;United Kingdom;W1X3SE
10;257;London;ENG;England;United Kingdom;GB;United Kingdom;W1Y 3RA
10;258;Maidenhead;ENG;England;United Kingdom;GB;United Kingdom;SL67RJ
10;259;Milton Keynes;ENG;England;United Kingdom;GB;United Kingdom;MK8 8DF
10;260;Milton Keynes;ENG;England;United Kingdom;GB;United Kingdom;MK8 8ZD
10;261;Newcastle upon Tyne;ENG;England;United Kingdom;GB;United Kingdom;NT20
10;262;Oxford;ENG;England;United Kingdom;GB;United Kingdom;OX1
10;263;Oxford;ENG;England;United Kingdom;GB;United Kingdom;OX14 4SE
10;264;Oxon;ENG;England;United Kingdom;GB;United Kingdom;OX16 8RS
10;265;Peterborough;ENG;England;United Kingdom;GB;United Kingdom;PB12
10;266;Reading;ENG;England;United Kingdom;GB;United Kingdom;RG7 5H7
10;267;Runcorn;ENG;England;United Kingdom;GB;United Kingdom;TY31
10;268;Liverpool;ENG;England;United Kingdom;GB;United Kingdom;L4 4HB
10;269;Stoke-on-Trent;ENG;England;United Kingdom;GB;United Kingdom;AS23
10;270;W. York;ENG;England;United Kingdom;GB;United Kingdom;BD1 4SJ
10;271;Warrington;ENG;England;United Kingdom;GB;United Kingdom;WA1
10;272;Warrington;ENG;England;United Kingdom;GB;United Kingdom;WA3 7BH
10;273;Watford;ENG;England;United Kingdom;GB;United Kingdom;WA3
10;274;West Sussex;ENG;England;United Kingdom;GB;United Kingdom;RH15 9UD
10;275;Wokingham;ENG;England;United Kingdom;GB;United Kingdom;RG41 1QW
10;276;Woolston;ENG;England;United Kingdom;GB;United Kingdom;WA1 4SY
10;277;York;ENG;England;United Kingdom;GB;United Kingdom;Y024 1GF
10;278;York;ENG;England;United Kingdom;GB;United Kingdom;Y03 4TN
10;279;York;ENG;England;United Kingdom;GB;United Kingdom;YO15
